0528	È la mia testa<05>confusa, o ci sono<05>davvero meno mostri in<05>giro?...
052A	<26>66<05>Nel deserto vive un<05>popolo che vaga come<05>un intero paese.<05><5E> È conosciuto come il<05>popolo di Winga.<05><2E><4C>7<05>
052C	Ho sentito che il<05>paese dei Winga è<05>andato completamente<05>in pezzi. Cosa sarà<05>successo?
052E	<26>!60<05>Siamo arrivati fin<05>qui. Dobbiamo<05>incontrare il popolo<05>di Winga e scoprire<05>come<05><5E> superare la Grande<05>Muraglia.
0530	<26>!59<05>Quindi dopo i pozzi<05>tocca ai fossati, eh?<05><5E> Povero me, cosa non<05>si fa quando si<05>viaggia abbastanza...
0532	Hai sentito parlare<05>del popolo di Winga?<05><25>1
0536	Non sono sicuro di<05>capire nemmeno io.<05>Che seccatura.
0538	Un popolo che vaga<05>per il deserto come un<05>unico paese...<05><5E> Se Tifa e le altre<05>Sacerdotesse sono<05>davvero tenute nella<05>Muraglia,<05><5E> credo che dovremo<05>incontrare questo<05>popolo di Winga.<05><5E> Di certo conoscono un<05>modo per entrare<05>nella Muraglia...
053A	<26>53<05>Per incontrare il<05>popolo di Winga serve<05>il Marchio di Winga.<05><5E> Il nostro Anziano ne<05>possiede uno.<05><40>53<05>
053C	<26>66<05>Sì, direi che i Winga<05>sanno come entrare<05>nella Grande Muraglia.
053E	Sei così giovane,<05>eppure passi tante<05>prove...<05><5E> Pregheremo qui per il<05>successo della tua<05>missione. Buona<05>fortuna, figliolo.
0540	<26>60<05>Il popolo di Winga non<05>si mostra nemmeno a<05>chi non possiede<05><5E> il Marchio di Winga,<05>prova di amicizia.
0542	<26>66<05>I Winga sono un popolo<05>eroico, e ne vanno<05>fieri.<05><5E> Che dei mostri si<05>siano stabiliti nella<05>Muraglia è per loro<05>una vergogna immensa.
0544	Mmh... quindi<05>inseguendo una ragazza<05>rapita sei arrivato<05>alla Grande Muraglia<05>di Baneulus?<05><5E> E sei riuscito a<05>entrare!
0546	<26>54<05>$1, hai sentito?<05><5E> Pare che le<05>Sacerdotesse siano<05>tenute nella Grande<05>Muraglia di Baneulus.<05><5E> Ma la muraglia è alta<05>e solida come la<05>roccia...<05><5E> Come facciamo a<05>entrare là dentro?!
0548	<26>59<05>Ellen...<05>E pensare che perfino<05>il capo della Guardia<05>di Segartea finisse<05><5E> a fare la scorta a<05>chi scava un pozzo...
054A	Non possiamo entrare<05>nella Muraglia senza<05>incontrare il popolo<05>di Winga...<05><5E> Se serve, scaverò<05>petrolio, acqua,<05>qualsiasi cosa pur di<05>avere il Marchio!
0554	Cosa? Vuoi del<05>petrolio?<05><5E> Prendilo, prendilo!<05>Ne abbiamo quanto ne<05>serve! Tieni, prendi<05>questo!<05><5E> <2A><2E>16<05><23>92<05>Oh cielo. Non credo tu<05>possa portare altro.<05><5E> Torna dopo aver<05>venduto qualcosa.
0556	 <05><49>255<05><49>218<05>$1 ottiene il<05>Petrolio!<05> <05> <05><2A>169<05><40>90<05>
0558	<26>!55<05>Il punto dove<05>scaveremo è appena a<05>sud-ovest del<05>villaggio, andateci<05>subito.<05><5E> Basterà che<05>proteggiate i<05>paesani dai mostri.<05><5E> Prometto! Appena esce<05>l'acqua, il Marchio di<05>Winga sarà vostro!
055A	<26>53<05>Oh, che gioia vedere<05>un giovanotto così.<05><5E> Io, l'Anziano del<05>villaggio, ho già<05>compiuto<05>centodiciannove anni!
055C	<26>!54<05>Non do il Marchio di<05>Winga a chi non sa<05>nemmeno fare una<05>scorta come si deve!<05><5E> Riprovi a farci da<05>scorta?<05><2B>3<05>
055E	<23><4C>1<05>Vuoi il Marchio di<05>Winga? Mmmh... non<05>posso dartelo gratis.<05><5E> Ci sono! Potresti<05>fare da scorta a chi<05>scava il pozzo?<05><2B>2<05>
0560	Su, non può essere<05>così difficile<05>proteggere chi scava<05>un pozzo!<05><5E> Non vuoi provare?<05><2B>1<05>
0564	Accetti? Bene, il<05>punto dove scaveremo<05>è appena a sud-ovest<05>del villaggio.<05><5E> Andateci subito.<05><5E> Basterà che<05>proteggiate i<05>paesani dai mostri.<05><5E> Quando esce l'acqua,<05>vi darò il Marchio<05>di Winga.<05><40>55<05>
0566	Ah, capisco. Non hai<05>voglia di aiutare gli<05>anziani? Niente<05>Marchio, allora.<05><2E><4C>1<05>
0568	<26>59<05>Il Marchio di Winga?<05>No, per carità!<05><5E> Non do il Marchio<05>finché non avremo<05>dell'acqua.<05><5E> Da quel pozzo è<05>uscito petrolio! Pensi<05>che si possa bere il<05>petrolio?<05><5E> Ci sono! Potresti<05>portarci l'acqua<05>dall'oasi invece che<05>dal pozzo?<05><2B>2<05>
056A	Dovete scavare<05>partendo dalla terra<05>arida vicino all'oasi<05>a nord-est.<05><5E> Prima equipaggiate il<05>Piccone, poi colpite<05>dove la terra è<05>arida!<05><5E> Non è difficile, eh?
0570	Come sarebbe? Se lo<05>fate per noi, vi darò<05>il Marchio di Winga...<05><5E> Allora? Non ve la<05>sentite?<05><2D>2<05>
0572	Oh oh, accetti? Bene,<05>se ci riesci stavolta<05>ti darò il Marchio di<05><5E> Winga di sicuro!<05>Tieni, prendi questo<05>piccone e scavaci<05><5E> un canale dall'oasi a<05>nord-est fino al<05>villaggio. Contiamo<05>su di te!<05><5E> <2A><2E>16<05><23>92<05>Oh cielo. Non credo tu<05>possa portare altro.<05><5E> Torna dopo aver<05>venduto qualcosa.
0574	<2A>171<05><05><49>255<05><49>218<05>$1 riceve il<05>Piccone!<05> <05><5E> <40>59<05><2D>5<05>
0576	<26>!61<05>Ah, che acqua<05>deliziosa!
0578	Ce l'hai fatta<05>davvero! Ecco, il<05>Marchio di Winga.<05><5E> Usalo nel deserto, e<05>il popolo di Winga si<05>mostrerà...<05><5E> <2A><2E>16<05><23>92<05>Oh cielo. Non credo tu<05>possa portare altro.<05><5E> Torna dopo aver<05>venduto qualcosa.
057A	 <05><49>255<05><49>218<05>$1 riceve il<05>Marchio di Winga!<05> <05><2A>170<05><40>61<05>
0580	Ah sì, signor $1,<05>guarda cosa abbiamo<05>qui!<05><5E>  <05><49>255<05><49>218<05>Ottieni l'Acqua Pura<05>di Susandna!<05> <05><5E> <2E>28<05><3E>10<05><23>90<05>In realtà costa 10G,<05>ma prendo quel che<05>hai.<05><2A><2E>160<05><5E>  <05><49>139<05>Preso quel che avevi.<05> <05><2A>85<05>
0582	<2F><05>In realtà costa 30G,<05>ma a te, $1,<05>chiedo solo 10G!<05><5E>  <05><49>139<05>Presi 10G.<05> <05> <05><2A>85<05>
0584	Sei un uomo davvero<05>straordinario.
0586	Avremo l'acqua tra<05>4 turni! Oplà!
0588	Avremo l'acqua tra<05>3 turni! Oplà!
058A	Avremo l'acqua tra<05>2 turni! Oplà!
058C	Avremo l'acqua tra<05>1 turno! Oplà!
058E	Ci siamo! Ci siamo!<05>Oplà!<05><5E> Ma che diavolo--<05>--questa non è acqua!<05>È petrolio! Oplà!
0590	Petrolio? Petrolio?!<05>Non si beve il<05>petrolio!<05><5E> Comunque, tutti in<05>ritirata! Oplà!
0592	Aaargh!... Mi hanno<05>preso! Tutti,<05>scappate! Oplà!
0594	La Grande Muraglia di<05>Baneulus è<05>antichissima.<05><5E> Si dice che esista<05>fin dall'era perduta<05>di Lambruvir.
0596	Avete portato l'acqua<05>dall'oasi!<05><2A><2E>236<05>
0598	Noi Winga diamo il<05>benvenuto a chi porta<05>il Marchio di Winga.
059A	Benvenuti nel paese di<05>Winga!<05><5E> Sono anni che nessuno<05>arriva con il Marchio<05>di Winga.<05><5E> Comunque, dubito che<05>abbiate mai visto un<05>paese come il nostro,<05>quindi guardatevi<05>intorno.
059C	Da tempi antichi il<05>nostro popolo vaga<05>per il deserto con le<05>stagioni,<05><5E> sempre in cerca della<05>terra più ospitale.
059E	Hai visto la sala<05>comandi da cui fanno<05>muovere il paese?<05>È FORTISSIMA!<05><5E> Ma si arrabbiano se<05>noi bambini<05>proviamo a entrare.
05A0	Non so chi siano né da<05>dove vengano, ma da<05>poco<05><5E> un branco di mostri<05>si è stabilito nella<05>Muraglia di Baneulus.<05><5E> Da allora non riposo<05>più tranquillo...
05A2	Noi valorosi Winga non<05>staremo a guardare<05>mentre un branco di<05><5E> sudici mostri fa il<05>comodo suo nella<05>Grande Muraglia!
05A4	Ho sentito che tre<05>giovani Sacerdotesse<05>sono state rapite e<05>sono tenute<05><5E> prigioniere nella<05>Grande Muraglia di<05>Baneulus.
05A6	<26>64<05>Accidenti, se solo<05>piacessi alle ragazze.<05><5E> Farei qualsiasi cosa,<05>qualsiasi, pur di<05>piacere alle ragazze!
05A8	Maledetti mostri! Non<05>avrei mai dovuto<05>attaccar briga...<05><5E> Ma se mi rende<05>popolare, lo farò.
05AA	Guardate! Il nostro<05>orgoglio, il<05>generatore,<05><5E> che accumula la forza<05>del vento! In forma<05>smagliante anche oggi,<05>come sempre! Urrà!
05AC	<26>63<05>Stanno tenendo<05>proprio ora una<05>riunione strategica<05>per assaltare la<05><5E> Muraglia di Baneulus.
05AE	Eh! Quindi sarà questa<05>quella decisiva.<05><5E> È ora di mostrare a<05>quelle creature di che<05>pasta siamo fatti...<05>Ah ah!
05B0	<26>63<05>Appena ho detto che le<05>Sacerdotesse che<05>cerchiamo erano state<05>prese da quei<05><5E> mostri, ci hanno<05>invitati a unirci<05>all'assalto!<05><5E> Ovviamente<05>accettiamo, vero?
05B2	L'ora della battaglia<05>è vicina!
05B4	Su, combattiamo<05>insieme! Il mio<05>spirito guerriero si è<05>risvegliato!<05><5E> BULULULULULU!
05B6	Di sicuro odiamo quei<05>demoni quanto voi.<05><5E> È ora di abbatterli<05>una volta per tutte!
05B8	<26>!63<05>Dunque... Alla sala<05>comandi!
05BA	<26>!62<05>Bene, inizio a<05>spiegare il piano<05>d'assalto. Prego,<05>prendete la sedia<05>libera.
05BC	Signor $1, ho<05>sentito la storia da<05>Rolan e Orlof.<05><5E> Combatterete<05>insieme a noi,<05>allora?<05><2B>1<05>
05C0	Grazie. Bene, inizio<05>a spiegare il piano<05>d'assalto.<05><5E> Prego, prendete la<05>sedia libera.<05><40>62<05>
05C2	Su, non vi manca certo<05>il coraggio.<05><5E> Combatterete insieme<05>a noi, vero?<05><2D>2<05>
05C4	Questa è la Grande<05>Muraglia di Baneulus.
05C6	Naturalmente l'assalto<05>alla Muraglia sarà<05>fatto usando il<05>nostro paese mobile<05><5E> come ariete.
05C8	Il punto d'assalto<05>sarà proprio sotto la<05>torre centrale della<05>Muraglia.
05CA	Quando il paese urterà<05>la Muraglia e sfonderà<05>la torre,<05><5E> le nostre truppe<05>Winga irromperanno<05>all'interno.<05><5E> Però il problema è il<05>salvataggio delle<05>Sacerdotesse da parte<05>delle forze di $1.<05><5E> Secondo i nostri<05>esploratori, sono<05>tenute in una prigione<05>nel cuore della<05><5E> torre, circondata da<05>mura difensive.
05CC	Per sfondare, le mura<05>vanno aperte in tre<05>punti, ognuno da un<05><5E> esercito.
05CE	E nello stesso<05>momento, un altro<05>esercito deve<05>addentrarsi nella<05>prigione per il<05><5E> salvataggio.
05D0	Ma siamo solo tre<05>eserciti! Se dobbiamo<05>tenere le mura in tre<05>punti,<05><5E> non resterà nessun<05>esercito per il<05>salvataggio!
05D2	......................
05D4	Sì, ehm, scusate il<05>ritardo...<05><5E> ...Ehm, tutto bene?<05>Arrivo in un brutto<05>momento?
05D6	Sciocco che non sei<05>altro!<05><5E> Quante volte ti ho<05>detto di non arrivare<05>tardi a queste<05>riunioni?!<05><5E> <42>7 1<05>Ah, amici miei,<05>perdonatemi.<05><5E> Se serve, noi Winga<05>possiamo prestare un<05>esercito.<05><42>7 3<05>Sì, perfetto...<05>Hans! Posso chiedere<05>al tuo esercito di<05>andare per noi?
05D8	I... Io?
05DA	Hans... se compi<05>questa missione, le<05>ragazze ti<05>ADORERANNO...!
05DC	Davvero? Davvero?<05>Allora vado, vado!
05DE	Allora è deciso.<05>Signor $1, va bene<05>così?<05><2B>1<05>
05E2	Bene, devo preparare<05>le forze d'assalto.<05><5E> Signor $1, lascio<05>a te la guida del<05>nostro paese.<05><5E> Va' nella sala<05>comandi e siediti<05>sulla sedia di<05>comando.<05><40>63<05>
05E4	Ma non c'è altro modo.<05>Vi prego, possiamo<05>avere il vostro<05>consenso?<05><2D>2<05>
05E6	Lo faccio, se mi rende<05>popolare!
05E8	<26>63<05>Questa è la Sala<05>Comandi di Winga.
05EA	Bene! Siediti sulla<05>sedia di comando e<05>prendi il controllo di<05>Winga.
05EC	Alla caricaaa!
05EE	Abbiamo annientato<05>quei demoni! Tre urrà<05>per Winga!
05F0	<23><4C>1<05>Mai stato così<05>contento. Oggi si beve<05>fino a scoppiare!<05><2E><4C>1<05>
05F2	Uiiih! Ehi, tu! Sembri<05>proprio un bel pezzo<05>d'uomo!<05><5E> Credo di essermi<05>innamorata... *Hic!*
05F4	Sì! Temete la forza<05>dei guerrieri di<05>Winga!
05F6	Sai, se la nostra<05>vittoria ha un eroe<05>sconosciuto, è chi<05>gestisce il<05><5E> generatore... IO! Ah<05>ah!
05F8	<26>77<05>Per il popolo di<05>Winga questa sarà una<05>vittoria...<05><5E> Ma finché le<05>Sacerdotesse non sono<05>salve, per noi non è<05>una vittoria!
05FA	Pensi davvero che ci<05>sia un passaggio<05>dentro la Muraglia,<05>$1?<05><25>1
05FC	Se lo dici tu, $1,<05>forse c'è. Mi fiderò<05>del tuo intuito.
05FE	Lo pensi anche tu?<05><5E> Sì, quell'Hans mi<05>sembra un ottimista<05>senza speranza.
0600	<26>77<05>Chissà come starà<05>Tifa adesso...
0602	Dunque. Il nostro<05>viaggio continua?
0604	Signor $1, anch'io<05>condivido il tuo<05>dispiacere per non<05>aver salvato le<05>Sacerdotesse...
0606	I nemici sono<05>sconfitti! Ora è tempo<05>di festeggiare!<05><5E> Prego, bevete quanto<05>volete!
0608	Signor $1, guarda!<05>Sono popolarissimo!<05><5E> Meno male che ho<05>provato a combattere,<05>eh?
060A	<23><4C>2<05>Uuuh, sei tu il<05>signor $1 di cui<05>parlano tutti?<05><5E> Ho un debole per gli<05>uomini grandi e<05>forti...<05><2E><4C>2<05>
060C	Gli uomini grandi e<05>forti sono i<05>MIGLIORI... Ehi, ti<05>verso da bere?
060E	<26>72<05>Haaansh, caro, credo<05>di aver bevuto<05>abbaztanza!
0610	Cheee? Hansh, tesoro,<05>dove sei scappato!<05>Eeehi!
0612	<26>72<05>...Ah, signor<05>$1... Siamo<05>riusciti a sconfiggere<05>i mostri, ma con<05>l'urto<05><5E> dell'assalto, non<05>sembra che Winga potrà<05>muoversi tanto<05>presto...<05><5E> Dovremo ricostruire<05>il paese da zero.<05><2A>62<05>
0614	Hans sarà sbadato, ma<05>è un bravo ragazzo.<05><5E> Può sembrare un<05>codardo, ma in realtà<05>è molto capace.<05><5E> Te lo affido, signor<05>$1.
0616	Se ricostruite il<05>paese, perché non vado<05>col signor $1 a<05>vedere tanti altri<05><5E> paesi? Vi servirà da<05>esempio.
0618	Non è una cattiva<05>idea, Hans. Hai la mia<05>benedizione!
061A	Bene, vado a<05>prepararmi per il<05>viaggio subito!<05><40>72<05>
061C	Ok, il mio esercito è<05>pronto! Si parte,<05>signor $1!<05><5E> Quando avremo<05>attraversato il<05>continente<05>combattendo,<05><5E> saremo gli eroi più<05>popolari del mondo,<05>non credi?<05><5E> Forza! Popolarità,<05>ARRIVIAMO!!<05><2B>1<05>
0620	Uuuhuuuu!<05><5E> L'esercito di Hans si<05>unisce al gruppo! Lo<05>Zaffiro di $1<05>brilla!<05> <05><2A><2E>122<05><5E> Pare che le<05>Sacerdotesse siano<05>state portate oltre la<05>Muraglia.<05><5E> Scommetto che c'è un<05>modo per passare<05>dall'altra parte da<05>dentro la Muraglia!<05><5E> Capo! Andiamo alla<05>sala comandi, subito!<05><40>76<05><2A>61<05>
0622	No! Così mi uccidi,<05>Capo! Combatterò per<05>te, lo giuro!<05><5E> Davvero, sarò<05>utilissimo! Non mi<05>fai venire?<05><2D>2<05>
0624	Ehm... Aspetta un<05>attimo.
0626	Bene, Capo, andiamo!!<05><40>77<05>
0628	<26>77<05>Capo! Andiamo alla<05>sala comandi, subito!
062A	Scommetto che c'è un<05>modo per passare<05>dall'altra parte da<05>dentro la Muraglia.<05><5E> Su, Capo! Andiamo<05>alla Muraglia!
062C	La Grande Muraglia di<05>Baneulus è l'orgoglio<05>di noi del deserto!<05><5E> Non permetteremo a<05>quei demoni di<05>profanarla!
062E	Prendiamo a calci quei<05>mostri!
0630	Santo cielo, mostri<05>nella Muraglia di<05>Baneulus...<05><5E> Non c'è niente che<05>noi Winga troviamo<05>più deplorevole.
0632	<26>!78<05><26>99<05>Da dove diavolo<05>sbucate voialtri?<05>...Questa è Messalia.
0634	Questo è il paese di<05>Messalia!
0636	<26>78<05>Santo cielo, non<05>ditemi che avete<05>attraversato il<05>deserto a piedi?
0638	Sei tu? Quello che è<05>stato scaraventato ai<05>margini del paese?
063A	<26>85<05>Dall'altra parte della<05>Muraglia c'è un paese<05>che si chiama<05>Cassalia.<05><5E> Se solo potessi<05>commerciare con loro,<05>diventerei un magnate!
063C	<26>99<05>Ah! Ho pensato al modo<05>perfetto per<05>commerciare con<05>Cassalia.<05><5E> Usare piccioni<05>giganti per<05>trasportare le merci!<05>Però, ehm, piccioni<05>giganti... mmh.<05><5E> Chissà se qualcuno<05>alleva un uccello<05>così.
063E	Mi è venuta un'altra<05>grande idea per gli<05>affari!<05><5E> Penso di vendere<05>pezzi del muro<05>crollato come<05>souvenir.
0640	<26>99<05>Tutti sanno che il<05>paese di Cassalia si<05>trova oltre il muro,<05><5E> ma nessuno l'ha mai<05>visto, quindi nessuno<05>sa che posto sia<05>davvero.
0642	Finalmente possiamo<05>andare e venire tra<05>qui e Cassalia.
0644	<26>78<05>Accidenti, se solo<05>sapessi volare...<05>potrei andare a<05>giocare a Cassalia,<05>oltre il muro...
0646	<26>99<05>Tu sai volare,<05>signore, vero!? Ti ho<05>visto!<05><5E> E c'erano altri due<05>che volavano con te,<05>giusto? Finché non<05>sono caduti oltre il<05>muro.
0648	Signore, sei tu quello<05>che ha aperto un buco<05>nel muro, vero? Ti ho<05>visto!<05><5E> Io faccio scritte<05>sulle statue, certo,<05>ma accidenti! Non ho<05>mai fatto uno scherzo<05>così<05><5E> fantastico!
064A	<26>99<05>Questa è la Grande<05>Muraglia di Baneulus.<05><5E> Al di là c'è il paese<05>di Cassalia.<05><5E> E, dice la storia, a<05>Cassalia vive Rina,<05>la Sacerdotessa del<05>Cristallo.
064C	Oh mio Dio! Come<05>diavolo avete aperto<05>un buco nella<05>Muraglia?
064E	<26>66<05>Uoh! Uooh! Non dirmi<05>che hai attraversato<05>il deserto!<05><5E> Hai fatto tutta la<05>strada a piedi?!<05><5E> Non dovresti fare<05>pazzie del genere...<05>non sei un Winga,<05>ricordatelo!
0650	L'altro giorno dalla<05>Grande Muraglia è<05>venuto un BUM! CRASH!<05>pazzesco...<05><5E> ...che diavolo<05>succede?
0652	Ih ih... Sono uno che<05>ama gli animali. Amore<05>per gli animali... che<05>bella parola, no?<05><5E> Ehi, l'hai visto?<05>Quel piccione enorme<05>al secondo piano?<05><5E> L'ho cresciuto da<05>pulcino!<05><5E> Ti piacciono gli<05>animali, vero?<05><25>1
